station_id,station_name,region,country,datetime_utc,DCAPE,SHOW,TOTL,CTOT,VTOT,CCLP,sfc_pres,sfc_temp,sfc_dwpt,thickness_1000_500
72249,Fort Worth,texas,US,2026-07-13 00:00:00,1586.9,-1.8,46.8,20.8,26.0,776.5,991.9,35.9,19.0,31.3
72249,Fort Worth,texas,US,2026-07-13 12:00:00,954.5,-3.3,47.9,23.6,24.3,865.8,995.7,23.3,22.8,17.1
72249,Fort Worth,texas,US,2026-07-14 00:00:00,946.7,-1.6,46.4,21.8,24.5,834.9,993.4,32.1,21.1,26.0
72249,Fort Worth,texas,US,2026-07-14 12:00:00,723.2,-0.0,44.5,20.7,23.8,900.2,994.6,24.0,23.3,17.7
72249,Fort Worth,texas,US,2026-07-15 00:00:00,891.6,1.6,43.0,18.2,24.8,837.8,992.8,29.9,21.5,24.2
72249,Fort Worth,texas,US,2026-07-15 12:00:00,726.2,1.7,43.1,19.3,23.9,872.0,995.8,23.6,20.2,16.5
72249,Fort Worth,texas,US,2026-07-16 00:00:00,355.3,2.3,42.1,18.4,23.7,856.0,994.2,27.4,20.9,21.1
72249,Fort Worth,texas,US,2026-07-16 12:00:00,385.9,1.9,43.0,18.8,24.3,912.4,994.9,24.3,22.5,17.4
72249,Fort Worth,texas,US,2026-07-17 00:00:00,990.0,0.8,43.5,19.1,24.4,805.3,993.6,32.0,21.5,26.6
72249,Fort Worth,texas,US,2026-07-17 12:00:00,519.2,-0.1,45.7,20.1,25.7,884.7,995.7,25.3,23.7,18.6
72249,Fort Worth,texas,US,2026-07-18 00:00:00,1035.2,-0.5,43.8,20.2,23.5,11.0,993.8,33.5,21.0,29.5
72249,Fort Worth,texas,US,2026-07-18 12:00:00,953.7,-1.5,47.9,20.9,26.9,834.4,994.9,26.0,22.2,19.2
72249,Fort Worth,texas,US,2026-07-19 00:00:00,1120.2,-3.3,49.0,22.7,26.3,9.4,990.8,34.3,21.4,28.4
72249,Fort Worth,texas,US,2026-07-19 12:00:00,1055.9,-2.2,47.1,21.8,25.3,836.5,992.3,27.1,22.4,21.7
72249,Fort Worth,texas,US,2026-07-20 00:00:00,1282.1,-4.1,50.3,22.9,27.5,797.8,989.3,33.4,22.3,27.7
72249,Fort Worth,texas,US,2026-07-20 12:00:00,1032.5,1.2,43.9,17.3,26.6,758.5,990.5,27.4,22.1,22.6
72249,Fort Worth,texas,US,2026-07-21 00:00:00,1200.8,-1.9,47.5,20.2,27.3,687.9,988.1,37.3,21.2,33.1
72249,Fort Worth,texas,US,2026-07-21 12:00:00,1144.3,-0.7,45.9,19.0,27.0,688.7,989.0,27.7,19.5,23.7
72249,Fort Worth,texas,US,2026-07-22 00:00:00,1590.0,-0.3,45.3,17.4,27.8,679.2,987.3,39.7,19.5,37.6
72249,Fort Worth,texas,US,2026-07-22 12:00:00,1763.3,-0.8,45.6,18.5,27.1,678.6,988.7,30.1,21.8,27.5
72249,Fort Worth,texas,US,2026-07-23 00:00:00,1666.0,-4.1,49.7,21.5,28.2,734.2,987.7,39.8,21.8,37.1
72249,Fort Worth,texas,US,2026-07-23 12:00:00,1694.7,6.6,37.2,7.3,29.9,704.1,991.2,28.1,20.4,24.6
72249,Fort Worth,texas,US,2026-07-24 00:00:00,1487.3,0.4,43.0,18.1,24.9,722.6,989.9,35.9,21.2,33.4
72249,Fort Worth,texas,US,2026-07-24 12:00:00,1112.8,1.4,41.9,16.8,25.1,776.5,991.2,27.3,24.4,25.1
72249,Fort Worth,texas,US,2026-07-25 00:00:00,1396.0,0.6,40.9,18.6,22.2,705.4,990.8,34.6,21.2,33.2
72249,Fort Worth,texas,US,2026-07-25 12:00:00,1014.7,-0.6,44.2,19.8,24.5,764.8,994.0,27.8,21.7,24.2
72249,Fort Worth,texas,US,2026-07-26 00:00:00,1480.2,-1.5,45.5,20.1,25.4,9.1,991.6,36.7,21.0,33.6
72249,Fort Worth,texas,US,2026-07-26 12:00:00,1392.7,2.8,38.8,16.1,22.7,754.1,992.9,27.6,21.1,26.3
72249,Fort Worth,texas,US,2026-07-27 00:00:00,1632.8,7.0,34.1,10.6,23.5,660.6,990.1,36.8,17.0,36.2
72249,Fort Worth,texas,US,2026-07-27 12:00:00,1558.1,3.9,37.6,14.9,22.6,726.8,990.0,27.9,20.0,26.8
72249,Fort Worth,texas,US,2026-07-28 00:00:00,1557.3,3.3,39.0,14.7,24.3,596.0,987.1,37.4,18.5,36.3
72249,Fort Worth,texas,US,2026-07-28 12:00:00,1446.8,1.9,40.7,16.6,24.1,724.1,988.1,28.0,21.1,26.2
72249,Fort Worth,texas,US,2026-07-29 00:00:00,1605.1,1.1,41.2,16.9,24.3,649.9,986.2,37.9,18.9,37.1
72249,Fort Worth,texas,US,2026-07-29 12:00:00,1404.1,1.3,42.0,17.4,24.6,8.2,987.7,28.0,22.2,25.2
72249,Fort Worth,texas,US,2026-07-30 00:00:00,1451.6,0.2,43.7,18.2,25.4,630.7,987.0,37.2,18.8,34.4
72249,Fort Worth,texas,US,2026-07-30 12:00:00,1329.5,-1.5,45.2,20.6,24.6,752.6,990.0,28.0,21.1,24.4
72249,Fort Worth,texas,US,2026-07-31 00:00:00,1512.5,-0.4,45.2,18.5,26.7,645.0,988.6,37.6,17.9,34.3
72249,Fort Worth,texas,US,2026-07-31 12:00:00,1341.0,1.8,42.8,16.1,26.7,684.3,990.2,29.1,21.1,25.7
72249,Fort Worth,texas,US,2026-08-01 00:00:00,1276.6,-0.5,46.3,17.8,28.5,654.4,987.6,40.0,17.1,36.6
72249,Fort Worth,texas,US,2026-08-01 12:00:00,1681.4,-5.3,52.9,24.0,28.9,703.8,988.8,30.6,18.9,23.7
72249,Fort Worth,texas,US,2026-08-02 00:00:00,1277.3,2.2,43.7,15.6,28.2,614.6,987.6,36.8,12.4,31.0
72249,Fort Worth,texas,US,2026-08-02 12:00:00,1038.6,5.6,37.8,13.8,24.1,676.0,990.3,24.3,16.0,19.2
72249,Fort Worth,texas,US,2026-08-03 00:00:00,1493.1,2.4,42.8,16.1,26.7,577.8,987.6,35.3,12.4,29.9
72249,Fort Worth,texas,US,2026-08-03 12:00:00,1185.2,4.0,39.4,15.3,24.1,615.1,989.0,25.4,15.6,21.0
72249,Fort Worth,texas,US,2026-08-04 00:00:00,1449.1,4.9,39.1,12.1,26.9,568.9,986.5,37.8,13.2,34.5
72249,Fort Worth,texas,US,2026-08-04 12:00:00,1308.1,3.4,39.5,15.3,24.2,703.9,989.1,26.3,19.0,23.6
72249,Fort Worth,texas,US,2026-08-05 00:00:00,1357.5,3.9,39.4,13.9,25.5,11.8,988.7,37.0,16.7,34.7
72249,Fort Worth,texas,US,2026-08-05 12:00:00,1220.5,-1.3,45.9,20.5,25.4,817.8,991.5,27.8,21.7,23.2
72249,Fort Worth,texas,US,2026-08-06 00:00:00,1466.7,-1.0,47.5,19.1,28.4,9.2,989.9,37.9,17.4,32.6
72249,Fort Worth,texas,US,2026-08-06 12:00:00,1280.4,-0.9,47.4,19.8,27.6,763.5,993.5,28.6,19.1,22.1
72249,Fort Worth,texas,US,2026-08-07 00:00:00,1427.9,1.6,44.1,16.2,27.9,590.9,990.8,38.1,15.3,33.2
72249,Fort Worth,texas,US,2026-08-07 12:00:00,1495.6,-1.6,48.2,20.7,27.6,821.0,994.0,27.6,22.4,21.1
72249,Fort Worth,texas,US,2026-08-08 12:00:00,1615.6,-3.1,52.0,21.8,30.2,766.9,993.8,28.6,21.2,19.8
72249,Fort Worth,texas,US,2026-08-09 00:00:00,1743.7,-3.1,51.6,21.0,30.6,704.9,991.1,38.0,16.4,30.8
72249,Fort Worth,texas,US,2026-08-09 12:00:00,1382.6,-2.1,50.5,20.9,29.6,795.4,992.6,25.9,21.1,17.7
72249,Fort Worth,texas,US,2026-08-10 00:00:00,1097.5,-3.6,51.7,22.0,29.7,749.2,990.1,36.1,17.4,28.9
72249,Fort Worth,texas,US,2026-08-10 12:00:00,1304.3,-1.9,47.7,21.1,26.6,820.0,993.4,26.9,21.6,21.1
72249,Fort Worth,texas,US,2026-08-11 00:00:00,1671.6,-0.6,45.1,19.3,25.8,747.6,991.8,37.3,18.9,33.5
72251,Dallas-FW,texas,US,2026-07-14 00:00:00,880.3,-2.2,47.8,21.8,25.9,864.5,1014.3,31.1,24.2,23.2
72251,Dallas-FW,texas,US,2026-07-15 00:00:00,1225.3,6.8,37.4,10.9,26.5,816.5,1013.0,31.2,23.0,21.8
72251,Dallas-FW,texas,US,2026-07-16 00:00:00,1350.3,-0.7,45.4,21.2,24.2,889.5,1013.2,31.6,24.7,22.9
72251,Dallas-FW,texas,US,2026-07-17 00:00:00,1497.0,2.3,41.9,17.5,24.4,859.0,1013.8,32.0,24.6,24.0
72251,Dallas-FW,texas,US,2026-07-18 00:00:00,1215.8,0.5,44.4,19.0,25.3,840.8,1015.9,32.6,24.6,23.9
72251,Dallas-FW,texas,US,2026-07-19 00:00:00,1373.6,0.1,44.9,19.2,25.7,784.0,1013.4,32.3,24.3,23.8
72251,Dallas-FW,texas,US,2026-07-20 00:00:00,1324.4,5.0,39.8,12.2,27.6,792.3,1011.4,31.5,24.1,23.4
72251,Dallas-FW,texas,US,2026-07-20 12:00:00,1378.2,5.7,39.2,10.3,29.0,822.9,1012.1,23.9,23.4,19.6
72251,Dallas-FW,texas,US,2026-07-21 00:00:00,1141.5,2.8,42.3,14.9,27.4,822.2,1010.3,32.9,24.9,25.4
72251,Dallas-FW,texas,US,2026-07-21 12:00:00,1083.1,6.3,38.1,9.2,28.9,816.5,1010.8,23.3,23.1,19.7
72251,Dallas-FW,texas,US,2026-07-22 00:00:00,1390.5,10.5,29.8,1.2,28.6,726.6,1009.4,34.1,22.2,26.9
72251,Dallas-FW,texas,US,2026-07-22 12:00:00,1389.2,2.5,41.8,15.7,26.1,824.5,1009.4,22.8,22.3,21.7
72251,Dallas-FW,texas,US,2026-07-23 00:00:00,1067.6,2.4,42.1,15.3,26.8,741.0,1008.1,36.1,20.7,29.6
72251,Dallas-FW,texas,US,2026-07-24 00:00:00,411.6,-1.8,44.5,21.8,22.8,873.1,1010.8,25.0,22.8,21.5
72251,Dallas-FW,texas,US,2026-07-25 00:00:00,1363.5,2.4,40.0,17.0,23.1,829.8,1015.0,32.8,22.6,26.6
72251,Dallas-FW,texas,US,2026-07-26 00:00:00,1096.2,7.1,35.0,10.9,24.1,828.7,1014.6,32.8,22.2,26.6
72251,Dallas-FW,texas,US,2026-07-27 00:00:00,1201.9,4.8,39.3,13.5,25.9,832.5,1012.9,33.3,22.8,24.3
72251,Dallas-FW,texas,US,2026-07-28 00:00:00,1296.0,2.9,40.0,15.9,24.2,774.8,1010.1,34.4,20.0,30.1
72251,Dallas-FW,texas,US,2026-07-29 00:00:00,1392.3,-1.0,44.6,20.2,24.4,852.6,1008.6,33.9,23.3,27.3
72251,Dallas-FW,texas,US,2026-07-30 00:00:00,1493.6,0.8,42.6,17.9,24.8,792.8,1009.4,33.9,22.0,29.2
72251,Dallas-FW,texas,US,2026-07-31 00:00:00,1326.7,6.1,37.3,10.9,26.4,801.7,1011.1,34.4,23.1,26.1
72251,Dallas-FW,texas,US,2026-08-01 00:00:00,1249.8,7.9,34.6,8.4,26.2,810.4,1012.0,34.4,23.1,27.2
72251,Dallas-FW,texas,US,2026-08-02 00:00:00,1253.2,-2.5,49.2,20.8,28.4,832.8,1008.3,35.6,24.8,28.2
72251,Dallas-FW,texas,US,2026-08-03 00:00:00,1306.1,2.3,42.9,15.8,27.1,795.5,1007.8,34.4,19.6,28.1
72251,Dallas-FW,texas,US,2026-08-04 00:00:00,956.4,-0.3,44.8,19.4,25.3,860.4,1010.2,34.4,24.0,28.1
72251,Dallas-FW,texas,US,2026-08-05 00:00:00,1565.2,-1.4,45.7,20.7,25.1,870.6,1010.4,33.9,24.2,26.3
72251,Dallas-FW,texas,US,2026-08-06 00:00:00,1534.9,2.4,41.3,16.2,25.0,811.7,1011.8,33.7,21.8,26.7
72251,Dallas-FW,texas,US,2026-08-07 00:00:00,1518.8,1.9,42.9,16.7,26.2,821.7,1012.7,34.6,19.8,26.7
72251,Dallas-FW,texas,US,2026-08-08 00:00:00,1294.9,0.2,45.8,19.0,26.8,840.5,1015.8,33.9,22.3,24.9
72251,Dallas-FW,texas,US,2026-08-09 00:00:00,1133.3,1.4,44.2,18.0,26.2,857.6,1013.2,32.9,21.4,24.4
72251,Dallas-FW,texas,US,2026-08-10 00:00:00,968.4,-1.2,46.1,20.8,25.4,862.1,1012.4,33.2,22.3,25.1
72251,Dallas-FW,texas,US,2026-08-11 00:00:00,718.7,-2.2,47.3,21.8,25.5,7.5,1014.4,33.1,23.1,24.0
72340,Shreveport,texas,US,2026-07-13 00:00:00,1373.7,-0.3,44.7,21.1,23.6,8.3,997.5,29.3,23.0,23.0
72340,Shreveport,texas,US,2026-07-13 12:00:00,1043.2,2.4,42.3,18.5,23.8,906.9,999.4,23.3,21.6,16.4
72340,Shreveport,texas,US,2026-07-14 00:00:00,1248.7,0.3,43.9,20.3,23.6,786.4,997.5,32.9,22.0,27.0
72340,Shreveport,texas,US,2026-07-14 12:00:00,952.8,2.9,41.0,18.0,23.0,819.5,998.8,22.8,18.8,16.7
72340,Shreveport,texas,US,2026-07-15 00:00:00,643.5,-1.2,46.8,21.9,24.9,868.6,996.6,29.9,23.3,22.5
72340,Shreveport,texas,US,2026-07-15 12:00:00,356.2,-0.6,44.8,22.0,22.8,908.2,997.9,22.4,21.4,15.5
72340,Shreveport,texas,US,2026-07-16 00:00:00,423.8,0.6,43.6,20.4,23.2,868.6,996.2,29.7,23.4,23.3
72340,Shreveport,texas,US,2026-07-16 12:00:00,456.2,1.9,42.6,18.4,24.3,865.6,998.4,21.9,21.1,15.8
72340,Shreveport,texas,US,2026-07-17 00:00:00,808.0,-0.8,45.4,21.4,24.0,832.0,997.6,31.8,22.8,25.6
72340,Shreveport,texas,US,2026-07-17 12:00:00,764.2,0.4,45.4,19.7,25.7,824.7,1000.0,23.3,20.2,16.2
72340,Shreveport,texas,US,2026-07-18 00:00:00,1395.7,-1.6,47.5,21.3,26.2,820.6,998.0,32.4,23.6,25.8
72340,Shreveport,texas,US,2026-07-18 12:00:00,1008.9,0.9,45.3,18.6,26.7,842.7,998.3,25.2,22.5,18.1
72340,Shreveport,texas,US,2026-07-19 00:00:00,1154.5,-3.0,49.5,22.5,26.9,813.8,994.8,34.1,24.9,27.3
72340,Shreveport,texas,US,2026-07-19 12:00:00,1168.9,7.1,36.8,9.6,27.2,794.9,995.4,25.4,22.7,19.4
72340,Shreveport,texas,US,2026-07-20 00:00:00,1198.9,-0.8,45.0,20.1,24.9,806.0,992.2,34.5,24.1,30.1
72340,Shreveport,texas,US,2026-07-20 12:00:00,927.0,-0.6,44.7,20.1,24.6,839.5,993.2,26.6,23.3,22.2
72340,Shreveport,texas,US,2026-07-21 00:00:00,1143.1,-1.9,45.6,20.6,24.9,815.9,990.8,35.5,25.7,32.5
72340,Shreveport,texas,US,2026-07-21 12:00:00,1470.0,0.0,43.1,18.9,24.2,8.2,991.8,27.1,23.8,24.3
72340,Shreveport,texas,US,2026-07-22 00:00:00,1681.9,-1.2,44.3,19.2,25.1,9.3,989.3,37.3,25.1,35.9
72340,Shreveport,texas,US,2026-07-22 12:00:00,1230.7,4.2,39.6,13.4,26.2,687.1,992.3,25.5,20.5,22.3
72340,Shreveport,texas,US,2026-07-23 00:00:00,1360.6,5.1,37.0,15.4,21.7,643.8,993.8,33.2,22.0,29.3
72340,Shreveport,texas,US,2026-07-23 12:00:00,1393.1,1.5,42.2,18.2,23.9,698.5,996.8,21.2,18.4,16.9
72340,Shreveport,texas,US,2026-07-24 00:00:00,1218.4,8.4,33.7,9.4,24.3,679.1,996.9,31.1,20.7,27.1
72340,Shreveport,texas,US,2026-07-24 12:00:00,1180.0,-1.8,44.7,21.9,22.8,830.1,997.5,22.7,18.3,18.6
72340,Shreveport,texas,US,2026-07-25 00:00:00,1332.3,-1.4,44.2,21.5,22.7,892.1,996.4,30.6,24.5,26.4
72340,Shreveport,texas,US,2026-07-25 12:00:00,645.3,-1.4,44.7,21.3,23.5,887.5,997.0,25.2,24.0,21.0
72340,Shreveport,texas,US,2026-07-26 00:00:00,1559.2,-1.7,43.9,20.7,23.2,838.0,994.7,34.9,24.2,32.8
72340,Shreveport,texas,US,2026-07-26 12:00:00,1410.1,0.4,41.6,18.6,22.9,810.9,994.9,27.3,22.0,25.5
72340,Shreveport,texas,US,2026-07-27 00:00:00,1640.9,-2.2,45.4,20.7,24.8,821.8,992.7,36.7,24.2,34.4
72340,Shreveport,texas,US,2026-07-27 12:00:00,1473.0,-2.2,46.6,21.2,25.4,813.4,993.6,26.9,22.3,22.7
72340,Shreveport,texas,US,2026-07-28 00:00:00,1493.5,-1.5,45.7,20.1,25.6,793.5,990.5,36.5,21.5,33.2
72340,Shreveport,texas,US,2026-07-28 12:00:00,1309.8,-0.7,44.4,19.8,24.6,803.0,990.2,27.3,22.5,23.9
72340,Shreveport,texas,US,2026-07-29 00:00:00,1461.2,-1.0,45.6,19.2,26.4,785.7,989.1,36.8,22.5,33.6
72340,Shreveport,texas,US,2026-07-29 12:00:00,1184.7,-4.5,50.5,23.0,27.4,805.6,990.3,28.4,22.4,23.3
72340,Shreveport,texas,US,2026-07-30 00:00:00,991.3,-1.9,46.2,20.9,25.3,841.2,991.1,33.0,24.2,29.1
72340,Shreveport,texas,US,2026-07-30 12:00:00,896.8,-2.6,46.3,22.1,24.2,848.2,993.8,25.0,22.5,20.8
72340,Shreveport,texas,US,2026-07-31 00:00:00,738.2,-2.9,46.5,22.5,24.0,884.9,993.4,30.6,24.7,26.4
72340,Shreveport,texas,US,2026-07-31 12:00:00,696.5,-4.9,50.3,24.4,25.9,869.9,994.0,25.6,23.1,19.8
72340,Shreveport,texas,US,2026-08-01 00:00:00,1539.6,-3.8,49.6,22.6,27.0,831.5,989.8,34.9,23.9,29.9
72340,Shreveport,texas,US,2026-08-01 12:00:00,1221.2,-2.3,46.8,21.4,25.4,796.1,988.2,26.3,21.9,21.9
72340,Shreveport,texas,US,2026-08-02 00:00:00,1116.8,5.9,34.9,17.0,17.9,648.1,989.5,26.0,17.6,21.3
72340,Shreveport,texas,US,2026-08-02 12:00:00,792.8,3.3,40.3,18.6,21.8,839.6,990.2,21.3,17.7,14.7
72340,Shreveport,texas,US,2026-08-03 00:00:00,1262.8,3.3,39.3,17.5,21.7,806.8,990.1,30.0,18.4,25.4
72340,Shreveport,texas,US,2026-08-03 12:00:00,879.0,5.7,34.8,16.4,18.4,902.8,993.6,20.7,19.0,17.0
72340,Shreveport,texas,US,2026-08-04 00:00:00,1139.6,3.3,38.7,17.1,21.6,696.8,992.3,31.5,19.8,28.1
72340,Shreveport,texas,US,2026-08-07 12:00:00,1016.7,-4.5,53.2,24.4,28.9,848.3,998.0,22.8,21.3,13.2
72340,Shreveport,texas,US,2026-08-08 00:00:00,1159.4,-4.5,51.3,24.0,27.3,806.1,996.4,28.5,23.2,21.3
72340,Shreveport,texas,US,2026-08-08 12:00:00,516.5,-1.0,46.5,21.2,25.3,840.6,998.5,22.5,21.5,15.9
72340,Shreveport,texas,US,2026-08-09 00:00:00,1310.3,-2.1,50.3,21.4,28.9,851.6,996.2,29.5,26.3,20.9
72340,Shreveport,texas,US,2026-08-09 12:00:00,1116.8,-3.0,50.7,22.9,27.8,830.9,996.6,22.5,19.9,13.8
72340,Shreveport,texas,US,2026-08-10 00:00:00,1154.6,-5.4,53.4,24.7,28.6,824.9,994.3,34.8,25.6,26.7
72340,Shreveport,texas,US,2026-08-10 12:00:00,1394.1,-4.2,51.4,24.1,27.3,834.8,997.4,25.7,21.6,17.7
72340,Shreveport,texas,US,2026-08-11 00:00:00,1430.2,-4.0,51.4,23.1,28.3,805.3,996.3,35.8,23.7,28.6
57494,Wuhan,asia,CN,2026-07-13 00:00:00,1486.0,1.2,39.5,17.3,22.2,792.3,996.5,31.0,27.1,31.3
57494,Wuhan,asia,CN,2026-07-13 12:00:00,870.2,-1.7,44.1,19.7,24.3,818.7,996.6,34.7,25.2,34.1
57494,Wuhan,asia,CN,2026-07-14 00:00:00,1002.1,0.6,42.3,17.1,25.1,824.6,999.0,31.8,29.2,31.0
57494,Wuhan,asia,CN,2026-07-14 12:00:00,1449.0,-2.9,45.1,20.7,24.4,787.3,996.2,35.4,26.1,35.2
57494,Wuhan,asia,CN,2026-07-15 00:00:00,1506.7,-1.4,43.0,19.8,23.1,792.6,998.2,32.3,26.1,31.8
57494,Wuhan,asia,CN,2026-07-15 12:00:00,1403.5,-2.6,43.0,21.1,21.9,844.1,996.6,34.5,26.4,34.8
57494,Wuhan,asia,CN,2026-07-16 00:00:00,1593.3,1.8,37.0,17.3,19.7,835.7,1000.0,31.2,26.9,32.5
57494,Wuhan,asia,CN,2026-07-16 12:00:00,1485.2,0.2,39.6,18.4,21.2,834.7,997.3,33.9,25.8,34.9
57494,Wuhan,asia,CN,2026-07-17 00:00:00,1697.7,2.0,37.8,16.6,21.3,830.5,997.7,31.2,26.7,32.4
57494,Wuhan,asia,CN,2026-07-17 12:00:00,1514.0,0.5,39.8,18.1,21.7,838.2,995.9,32.5,25.0,33.0
57494,Wuhan,asia,CN,2026-07-18 00:00:00,939.6,-3.5,45.9,22.6,23.3,847.1,998.5,27.1,24.0,24.6
57494,Wuhan,asia,CN,2026-07-18 12:00:00,681.7,2.3,39.5,16.9,22.6,834.9,999.2,29.5,25.7,27.7
57494,Wuhan,asia,CN,2026-07-19 00:00:00,199.3,6.0,35.0,13.7,21.2,877.1,1000.0,27.1,24.4,24.9
57494,Wuhan,asia,CN,2026-07-19 12:00:00,656.6,2.9,37.5,16.8,20.6,784.9,998.5,30.6,23.5,29.5
57494,Wuhan,asia,CN,2026-07-20 00:00:00,620.3,8.8,32.5,9.1,23.4,839.3,999.6,27.9,25.3,25.3
57494,Wuhan,asia,CN,2026-07-20 12:00:00,1331.4,4.7,38.0,13.4,24.6,776.8,999.0,29.5,23.9,27.1
57494,Wuhan,asia,CN,2026-07-21 00:00:00,1310.3,1.8,40.2,17.4,22.8,923.6,1001.0,28.3,25.9,26.2
57494,Wuhan,asia,CN,2026-07-21 12:00:00,1143.5,-1.2,44.6,20.6,24.0,874.4,1001.2,30.5,24.6,26.9
57494,Wuhan,asia,CN,2026-07-22 00:00:00,444.1,-0.8,42.8,20.6,22.2,923.0,1002.3,26.0,26.0,22.9
57494,Wuhan,asia,CN,2026-07-22 12:00:00,921.5,1.4,40.2,18.3,21.9,859.4,1000.5,26.2,24.8,23.8
57494,Wuhan,asia,CN,2026-07-23 00:00:00,834.3,-1.2,44.2,21.2,23.0,891.5,1000.5,26.4,24.6,22.2
57494,Wuhan,asia,CN,2026-07-23 12:00:00,1603.7,-2.1,45.0,21.4,23.6,883.8,998.8,31.4,24.5,28.2
57494,Wuhan,asia,CN,2026-07-24 00:00:00,1013.1,-4.4,49.5,23.6,25.9,870.4,1001.6,29.7,25.4,24.3
57494,Wuhan,asia,CN,2026-07-24 12:00:00,1689.3,-2.3,46.3,20.9,25.3,793.9,1002.2,30.3,24.2,27.0
57494,Wuhan,asia,CN,2026-07-25 00:00:00,1442.3,-0.4,44.7,19.2,25.5,829.3,1002.9,29.8,23.7,25.6
57494,Wuhan,asia,CN,2026-07-25 12:00:00,1360.7,-2.4,48.4,20.6,27.8,823.0,1001.6,33.1,27.3,27.9
57494,Wuhan,asia,CN,2026-07-26 00:00:00,1385.1,-3.6,49.1,22.1,27.0,841.8,1002.2,31.2,27.3,27.1
57494,Wuhan,asia,CN,2026-07-26 12:00:00,1009.4,-4.8,50.6,23.4,27.2,802.9,1000.3,31.8,21.6,27.0
57494,Wuhan,asia,CN,2026-07-27 00:00:00,512.9,-0.3,44.0,19.8,24.2,835.3,1003.0,29.8,23.7,25.7
57494,Wuhan,asia,CN,2026-07-27 12:00:00,573.7,-0.3,42.7,19.9,22.8,867.9,1002.9,31.3,23.9,28.4
57494,Wuhan,asia,CN,2026-07-28 00:00:00,340.3,0.6,41.7,19.2,22.5,871.6,1004.7,28.1,27.0,25.0
57494,Wuhan,asia,CN,2026-07-28 12:00:00,507.8,-1.3,44.5,20.8,23.6,849.1,1004.2,30.6,24.9,27.2
57494,Wuhan,asia,CN,2026-07-29 00:00:00,489.8,-0.5,42.7,20.5,22.2,878.9,1005.6,28.4,26.2,25.0
57494,Wuhan,asia,CN,2026-07-29 12:00:00,1206.8,-1.9,45.5,21.0,24.4,841.3,1003.3,31.6,24.7,28.5
57494,Wuhan,asia,CN,2026-07-30 00:00:00,696.5,-1.8,46.9,21.1,25.8,806.4,1004.8,28.9,23.8,23.6
57494,Wuhan,asia,CN,2026-07-30 12:00:00,677.7,-1.3,44.1,20.7,23.3,852.1,1004.0,32.4,25.7,29.4
57494,Wuhan,asia,CN,2026-07-31 00:00:00,821.7,-0.8,44.3,20.0,24.3,825.7,1004.0,29.9,23.3,25.9
57494,Wuhan,asia,CN,2026-07-31 12:00:00,1016.1,-0.0,43.8,18.8,25.0,791.0,1001.8,32.8,24.0,29.7
57494,Wuhan,asia,CN,2026-08-01 00:00:00,1054.1,0.4,43.8,18.6,25.2,801.3,1003.0,30.8,23.7,26.7
57494,Wuhan,asia,CN,2026-08-01 12:00:00,1223.9,-1.2,46.0,19.8,26.2,811.0,1000.9,30.8,24.2,27.5
57494,Wuhan,asia,CN,2026-08-02 00:00:00,1316.4,-1.6,46.4,20.9,25.5,825.1,1002.9,30.8,24.2,25.8
57494,Wuhan,asia,CN,2026-08-02 12:00:00,1528.6,-5.4,50.7,24.3,26.4,813.9,1002.2,33.8,24.3,29.2
57494,Wuhan,asia,CN,2026-08-03 00:00:00,1224.2,2.0,42.4,16.1,26.3,790.6,1004.8,31.3,26.5,27.6
57494,Wuhan,asia,CN,2026-08-03 12:00:00,1309.3,-1.5,45.4,20.3,25.1,757.3,1003.7,34.0,23.6,31.0
57494,Wuhan,asia,CN,2026-08-04 00:00:00,973.7,1.8,43.3,16.5,26.8,789.9,1004.7,30.0,27.6,26.2
57494,Wuhan,asia,CN,2026-08-04 12:00:00,1312.0,-6.2,52.1,24.7,27.5,834.5,1001.9,32.0,25.3,26.9
57494,Wuhan,asia,CN,2026-08-05 00:00:00,1491.9,-1.0,44.9,19.7,25.2,838.2,1002.1,30.2,26.4,27.0
57494,Wuhan,asia,CN,2026-08-05 12:00:00,1262.2,-3.1,46.8,21.8,25.0,819.2,1001.7,31.0,24.6,27.6
57494,Wuhan,asia,CN,2026-08-06 00:00:00,1497.8,-1.5,45.0,20.5,24.5,853.1,1003.1,28.7,23.8,26.0
57494,Wuhan,asia,CN,2026-08-06 12:00:00,1403.7,-3.2,47.5,21.9,25.6,838.9,1000.0,33.5,24.6,29.9
57494,Wuhan,asia,CN,2026-08-07 00:00:00,1102.0,-2.5,45.1,21.7,23.5,860.8,1002.0,30.4,26.3,27.5
57494,Wuhan,asia,CN,2026-08-07 12:00:00,1234.1,-1.8,44.2,20.7,23.5,780.7,999.2,34.1,22.8,32.1
57494,Wuhan,asia,CN,2026-08-08 00:00:00,961.6,0.6,42.0,18.5,23.5,860.8,1000.9,30.2,25.3,27.4
57494,Wuhan,asia,CN,2026-08-08 12:00:00,1390.5,-1.4,43.8,20.2,23.6,830.8,999.2,32.6,24.3,30.6
57494,Wuhan,asia,CN,2026-08-09 00:00:00,1270.2,2.4,39.6,16.8,22.8,852.9,1001.4,28.5,26.1,26.4
57494,Wuhan,asia,CN,2026-08-09 12:00:00,1428.4,1.4,39.1,18.3,20.8,831.2,999.0,30.9,22.7,29.7
57494,Wuhan,asia,CN,2026-08-10 00:00:00,350.0,1.5,40.3,18.1,22.2,782.6,997.7,26.9,21.4,24.6
57494,Wuhan,asia,CN,2026-08-10 12:00:00,185.1,1.6,38.2,18.7,19.5,826.6,993.9,25.7,21.8,24.5
57494,Wuhan,asia,CN,2026-08-11 00:00:00,156.5,-0.2,40.1,19.8,20.2,885.1,991.0,24.2,23.2,23.4
58362,Shanghai,asia,CN,2026-07-13 00:00:00,699.6,1.6,40.1,16.3,23.8,773.6,999.4,30.3,24.7,30.3
58362,Shanghai,asia,CN,2026-07-13 12:00:00,1473.2,-1.2,42.3,19.9,22.4,889.1,1001.3,31.1,26.1,30.4
58362,Shanghai,asia,CN,2026-07-14 00:00:00,1447.1,2.3,38.1,16.2,21.9,756.1,1004.0,30.6,24.0,30.8
58362,Shanghai,asia,CN,2026-07-14 12:00:00,1562.0,0.5,41.8,17.4,24.4,802.3,1002.5,34.3,24.8,34.2
58362,Shanghai,asia,CN,2026-07-15 00:00:00,1563.1,0.3,43.4,17.6,25.7,784.2,1003.8,32.2,25.0,30.0
58362,Shanghai,asia,CN,2026-07-15 12:00:00,1087.9,-4.2,48.0,22.5,25.6,836.6,1002.6,35.3,25.4,33.4
58362,Shanghai,asia,CN,2026-07-16 00:00:00,1093.9,-0.0,43.4,18.5,24.9,828.7,1003.0,32.5,26.5,30.1
58362,Shanghai,asia,CN,2026-07-16 12:00:00,1405.8,-1.4,45.3,19.9,25.4,827.8,1001.7,33.9,24.1,32.2
58362,Shanghai,asia,CN,2026-07-17 00:00:00,1408.0,0.6,41.5,18.1,23.4,830.3,1001.3,33.1,25.9,31.7
58362,Shanghai,asia,CN,2026-07-17 12:00:00,1797.9,1.2,39.4,17.0,22.4,809.4,999.4,34.7,23.9,35.7
58362,Shanghai,asia,CN,2026-07-18 00:00:00,1640.0,-0.9,41.8,20.0,21.8,845.9,1000.5,33.4,25.1,32.4
58362,Shanghai,asia,CN,2026-07-18 12:00:00,1206.1,-3.6,45.7,22.2,23.5,884.3,1001.9,29.2,26.6,27.2
58362,Shanghai,asia,CN,2026-07-19 00:00:00,1371.0,-0.8,43.0,19.8,23.2,852.9,1003.1,28.0,26.0,26.6
58362,Shanghai,asia,CN,2026-07-19 12:00:00,720.8,-0.1,43.4,18.9,24.5,815.5,1003.0,26.1,24.9,23.6
58362,Shanghai,asia,CN,2026-07-20 00:00:00,694.5,-2.4,45.8,21.5,24.3,866.5,1002.9,27.6,26.5,24.8
58362,Shanghai,asia,CN,2026-07-20 12:00:00,594.8,-1.7,44.2,20.8,23.4,870.0,1002.9,29.8,25.5,27.1
58362,Shanghai,asia,CN,2026-07-21 00:00:00,596.0,-1.6,44.8,20.7,24.1,909.1,1006.1,27.2,26.0,24.1
58362,Shanghai,asia,CN,2026-07-21 12:00:00,536.7,-2.4,44.0,21.9,22.1,890.9,1006.7,29.3,24.6,25.5
58362,Shanghai,asia,CN,2026-07-22 00:00:00,604.0,-1.2,44.5,20.4,24.2,863.6,1006.9,28.5,25.7,24.8
58362,Shanghai,asia,CN,2026-07-22 12:00:00,555.5,-5.5,48.5,24.2,24.2,872.5,1006.4,27.7,22.8,21.0
58362,Shanghai,asia,CN,2026-07-23 00:00:00,1416.0,-1.2,45.8,20.0,25.8,850.5,1005.3,29.6,26.4,24.9
58362,Shanghai,asia,CN,2026-07-23 12:00:00,1115.4,-1.9,47.1,20.2,27.0,823.2,1005.0,33.5,26.0,29.0
58362,Shanghai,asia,CN,2026-07-24 00:00:00,1168.5,-3.3,49.3,21.8,27.5,800.5,1007.2,30.6,23.7,24.6
58362,Shanghai,asia,CN,2026-07-24 12:00:00,1429.8,-0.8,46.2,18.8,27.4,796.0,1007.3,33.3,23.6,29.2
58362,Shanghai,asia,CN,2026-07-25 00:00:00,1593.1,-1.6,48.6,19.9,28.7,770.8,1008.6,31.5,25.6,24.4
58362,Shanghai,asia,CN,2026-07-25 12:00:00,1709.9,-5.5,51.8,24.0,27.8,764.4,1007.5,32.0,24.6,26.1
58362,Shanghai,asia,CN,2026-07-26 00:00:00,1651.8,1.5,44.7,15.4,29.3,754.7,1008.0,30.2,24.6,24.5
58362,Shanghai,asia,CN,2026-07-26 12:00:00,1725.8,-1.9,48.4,19.9,28.4,774.9,1007.6,32.7,24.1,27.3
58362,Shanghai,asia,CN,2026-07-27 00:00:00,1459.7,2.6,43.9,14.2,29.8,783.2,1010.0,29.9,24.7,22.8
58362,Shanghai,asia,CN,2026-07-27 12:00:00,1251.2,-3.1,49.1,22.0,27.1,832.9,1010.2,31.1,23.7,24.9
58362,Shanghai,asia,CN,2026-07-28 00:00:00,1253.9,-0.9,46.7,19.9,26.8,847.7,1013.0,29.5,25.5,22.7
58362,Shanghai,asia,CN,2026-07-28 12:00:00,1421.4,-2.3,48.6,21.4,27.2,872.3,1011.6,30.7,25.5,23.3
58362,Shanghai,asia,CN,2026-07-29 00:00:00,1472.8,-1.3,47.9,20.1,27.8,832.7,1011.8,30.8,25.1,23.0
58362,Shanghai,asia,CN,2026-07-29 12:00:00,1631.4,-4.6,50.1,23.8,26.2,828.5,1008.9,33.5,24.6,27.6
58362,Shanghai,asia,CN,2026-07-30 00:00:00,1376.0,-3.9,49.9,23.3,26.5,824.9,1010.6,31.7,24.8,24.5
58362,Shanghai,asia,CN,2026-07-30 12:00:00,1467.4,-5.3,51.1,24.0,27.1,834.0,1008.1,32.1,25.4,28.1
58362,Shanghai,asia,CN,2026-07-31 00:00:00,1278.5,-1.9,47.0,21.2,25.8,811.9,1008.9,30.9,25.0,25.3
58362,Shanghai,asia,CN,2026-07-31 12:00:00,1271.9,0.3,44.8,18.1,26.6,746.0,1006.5,29.2,22.7,27.1
58362,Shanghai,asia,CN,2026-08-01 00:00:00,1377.0,2.1,42.1,16.2,25.8,783.9,1007.5,31.5,24.8,26.7
58362,Shanghai,asia,CN,2026-08-01 12:00:00,1317.0,-1.4,46.8,19.9,26.9,797.4,1006.3,31.1,23.4,26.5
58362,Shanghai,asia,CN,2026-08-02 00:00:00,1361.9,-0.9,46.3,19.6,26.7,773.4,1008.7,30.9,23.3,25.2
58362,Shanghai,asia,CN,2026-08-02 12:00:00,968.6,-2.8,48.9,21.4,27.5,838.8,1007.3,30.4,24.8,26.3
58362,Shanghai,asia,CN,2026-08-03 00:00:00,1018.4,3.0,41.1,15.3,25.8,749.4,1009.4,31.7,26.5,26.0
58362,Shanghai,asia,CN,2026-08-03 12:00:00,1347.6,9.1,32.6,6.0,26.6,725.3,1008.6,30.2,24.3,26.8
58362,Shanghai,asia,CN,2026-08-04 00:00:00,1281.6,1.7,41.8,17.5,24.4,745.4,1009.6,29.3,23.7,24.5
58362,Shanghai,asia,CN,2026-08-04 12:00:00,1465.9,-1.2,44.1,20.3,23.8,866.7,1008.2,29.9,25.2,26.7
58362,Shanghai,asia,CN,2026-08-05 00:00:00,789.8,-3.5,48.8,22.6,26.2,926.9,1007.8,29.0,27.9,23.5
58362,Shanghai,asia,CN,2026-08-05 12:00:00,1010.2,-1.1,44.5,20.0,24.5,914.6,1005.7,30.7,26.4,26.8
58362,Shanghai,asia,CN,2026-08-06 00:00:00,1245.1,4.5,38.3,13.7,24.6,838.7,1005.8,29.8,26.0,25.8
58362,Shanghai,asia,CN,2026-08-06 12:00:00,1219.3,-0.4,41.5,19.7,21.9,905.6,1003.5,30.7,25.5,28.8
58362,Shanghai,asia,CN,2026-08-07 00:00:00,1275.9,2.1,40.5,17.7,22.8,897.9,1002.7,29.6,26.0,25.7
58362,Shanghai,asia,CN,2026-08-07 12:00:00,692.5,0.9,40.0,18.7,21.3,892.2,1000.8,30.8,25.4,29.5
58362,Shanghai,asia,CN,2026-08-08 00:00:00,866.9,-1.8,45.9,21.4,24.4,884.8,1001.4,30.1,26.0,25.2
58362,Shanghai,asia,CN,2026-08-08 12:00:00,841.1,0.4,42.4,19.4,23.0,888.1,999.5,29.9,25.6,26.4
58362,Shanghai,asia,CN,2026-08-09 00:00:00,421.6,0.8,38.5,19.2,19.3,937.3,997.0,26.7,25.3,26.3
58362,Shanghai,asia,CN,2026-08-09 12:00:00,383.9,-1.2,41.7,20.7,21.1,934.3,997.3,27.0,25.4,25.7
58362,Shanghai,asia,CN,2026-08-10 00:00:00,252.9,0.5,39.9,18.9,20.9,944.9,995.5,27.2,26.0,26.4
58362,Shanghai,asia,CN,2026-08-10 12:00:00,646.8,0.7,40.1,18.7,21.4,940.9,999.1,28.0,25.6,26.9
58362,Shanghai,asia,CN,2026-08-11 00:00:00,463.7,1.5,39.3,18.0,21.3,935.8,1000.4,27.6,25.4,26.5
54857,Qingdao,asia,CN,2026-07-13 00:00:00,386.1,-0.7,40.3,20.1,20.1,892.0,991.0,24.5,23.8,24.2
54857,Qingdao,asia,CN,2026-07-13 12:00:00,259.0,-1.4,41.1,20.6,20.6,920.2,988.8,24.5,24.2,24.3
54857,Qingdao,asia,CN,2026-07-14 00:00:00,303.0,-0.6,40.1,19.9,20.2,936.5,986.7,25.2,25.2,25.2
54857,Qingdao,asia,CN,2026-07-14 12:00:00,1416.6,2.1,36.5,17.6,18.9,917.5,992.0,27.3,24.6,27.9
54857,Qingdao,asia,CN,2026-07-15 00:00:00,1089.1,10.6,29.0,6.8,22.2,700.7,994.1,26.9,22.5,26.1
54857,Qingdao,asia,CN,2026-07-15 12:00:00,1822.4,-4.5,48.4,23.5,24.9,717.3,994.2,24.1,18.7,20.3
54857,Qingdao,asia,CN,2026-07-16 00:00:00,1465.7,-1.2,41.7,20.3,21.3,804.2,994.1,22.6,22.1,22.0
54857,Qingdao,asia,CN,2026-07-16 12:00:00,1243.6,3.6,38.1,15.7,22.4,770.0,994.4,24.3,22.9,22.3
54857,Qingdao,asia,CN,2026-07-17 00:00:00,605.1,9.5,31.1,7.8,23.2,793.2,993.2,23.3,22.8,21.6
54857,Qingdao,asia,CN,2026-07-17 12:00:00,48.9,0.6,39.2,19.6,19.6,886.2,991.3,22.5,22.2,21.3
54857,Qingdao,asia,CN,2026-07-18 00:00:00,747.9,8.8,29.3,12.1,17.2,835.8,993.3,23.0,21.1,22.6
54857,Qingdao,asia,CN,2026-07-18 12:00:00,953.9,5.2,33.8,15.8,18.0,649.9,993.7,24.9,18.1,23.7
54857,Qingdao,asia,CN,2026-07-19 00:00:00,597.2,7.9,34.9,11.2,23.7,719.8,995.9,25.1,19.5,19.5
54857,Qingdao,asia,CN,2026-07-19 12:00:00,696.7,7.8,34.4,10.9,23.5,735.0,995.7,24.1,22.0,19.9
54857,Qingdao,asia,CN,2026-07-20 00:00:00,1023.3,2.1,38.9,18.4,20.5,805.4,996.6,23.6,20.7,21.0
54857,Qingdao,asia,CN,2026-07-20 12:00:00,1261.9,5.6,36.1,14.3,21.8,782.1,996.3,23.8,21.7,20.6
54857,Qingdao,asia,CN,2026-07-21 00:00:00,1127.4,8.1,32.9,10.0,22.9,780.3,997.2,25.1,22.0,23.3
54857,Qingdao,asia,CN,2026-07-21 12:00:00,1400.8,5.6,35.9,13.1,22.9,771.6,998.0,24.8,22.3,23.1
54857,Qingdao,asia,CN,2026-07-22 00:00:00,1208.4,5.5,37.6,13.3,24.3,788.1,998.8,24.0,22.3,19.8
54857,Qingdao,asia,CN,2026-07-22 12:00:00,799.8,9.8,31.3,6.8,24.5,818.5,996.5,24.7,23.8,21.6
54857,Qingdao,asia,CN,2026-07-23 00:00:00,1190.4,5.8,36.5,13.3,23.2,808.1,995.9,24.8,23.4,21.7
54857,Qingdao,asia,CN,2026-07-23 12:00:00,1180.1,3.6,38.7,15.5,23.2,803.1,996.4,24.8,23.9,22.3
54857,Qingdao,asia,CN,2026-07-24 00:00:00,1166.2,-1.9,45.6,22.3,23.2,938.0,997.2,24.6,23.7,19.3
54857,Qingdao,asia,CN,2026-07-24 12:00:00,1045.1,0.0,41.8,19.5,22.3,876.1,997.4,25.9,24.5,23.6
54857,Qingdao,asia,CN,2026-07-25 00:00:00,1224.1,0.8,43.6,18.8,24.8,877.1,999.8,25.6,25.6,20.5
54857,Qingdao,asia,CN,2026-07-25 12:00:00,959.7,-2.5,47.8,21.8,26.0,834.3,998.8,26.3,24.7,20.8
54857,Qingdao,asia,CN,2026-07-26 00:00:00,1038.9,-2.8,48.9,22.1,26.7,846.0,999.2,26.8,25.6,20.5
54857,Qingdao,asia,CN,2026-07-26 12:00:00,1401.7,-4.0,50.0,23.3,26.7,851.9,998.8,27.4,25.4,21.3
54857,Qingdao,asia,CN,2026-07-27 00:00:00,1246.3,-4.3,52.6,22.9,29.8,842.4,1001.1,26.8,26.1,19.4
54857,Qingdao,asia,CN,2026-07-27 12:00:00,1107.3,-5.4,50.0,24.8,25.2,875.6,1003.0,27.1,26.2,21.7
54857,Qingdao,asia,CN,2026-07-28 00:00:00,1461.6,1.1,45.4,16.9,28.5,813.9,1003.9,27.7,26.3,21.3
54857,Qingdao,asia,CN,2026-07-28 12:00:00,1036.6,-2.1,48.2,20.9,27.3,853.4,1003.2,27.4,26.3,21.1
54857,Qingdao,asia,CN,2026-07-29 00:00:00,1267.1,-0.5,45.4,19.1,26.3,844.8,1003.0,27.1,26.4,22.5
54857,Qingdao,asia,CN,2026-07-29 12:00:00,1176.0,1.5,41.6,16.9,24.7,839.1,1000.8,27.4,26.2,24.8
54857,Qingdao,asia,CN,2026-07-30 00:00:00,1358.5,0.9,41.2,18.1,23.1,855.6,1000.6,27.8,27.1,26.0
54857,Qingdao,asia,CN,2026-07-30 12:00:00,1360.0,-0.9,42.4,19.9,22.6,869.8,998.3,28.8,26.4,27.6
54857,Qingdao,asia,CN,2026-07-31 00:00:00,1487.3,1.3,42.1,17.3,24.8,848.0,998.4,28.8,27.0,26.0
54857,Qingdao,asia,CN,2026-07-31 12:00:00,1511.9,0.7,41.3,18.2,23.1,797.9,996.1,29.4,25.8,28.0
54857,Qingdao,asia,CN,2026-08-01 00:00:00,1421.2,3.0,39.6,16.0,23.6,810.7,997.3,29.1,26.3,26.7
54857,Qingdao,asia,CN,2026-08-01 12:00:00,1692.5,-1.9,45.4,20.7,24.7,841.7,996.4,29.6,26.2,26.8
54857,Qingdao,asia,CN,2026-08-02 00:00:00,1240.0,0.5,41.1,18.9,22.2,865.6,999.3,29.0,27.2,27.1
54857,Qingdao,asia,CN,2026-08-02 12:00:00,1816.1,-0.8,44.3,18.9,25.4,828.6,998.7,29.4,28.0,27.4
54857,Qingdao,asia,CN,2026-08-03 00:00:00,1389.6,-0.4,43.1,19.5,23.5,856.6,1001.4,29.8,25.5,26.3
54857,Qingdao,asia,CN,2026-08-03 12:00:00,1245.0,4.3,39.7,12.5,27.2,795.3,1001.4,28.4,26.8,25.6
54857,Qingdao,asia,CN,2026-08-04 00:00:00,1042.1,4.5,39.4,13.0,26.4,785.2,1003.2,27.5,25.3,23.8
54857,Qingdao,asia,CN,2026-08-04 12:00:00,1224.2,11.7,27.3,-0.2,27.5,778.0,1001.6,28.0,24.6,24.6
54857,Qingdao,asia,CN,2026-08-05 00:00:00,1512.8,10.3,30.6,3.3,27.3,764.0,1002.0,28.0,25.0,24.1
54857,Qingdao,asia,CN,2026-08-05 12:00:00,1259.9,10.9,28.9,4.3,24.6,711.4,999.3,28.2,25.2,26.9
54857,Qingdao,asia,CN,2026-08-06 00:00:00,1374.8,7.3,35.4,9.3,26.1,764.6,999.4,28.5,25.3,25.3
54857,Qingdao,asia,CN,2026-08-06 12:00:00,1250.0,1.6,40.0,17.2,22.8,809.4,996.9,29.1,25.5,28.2
54857,Qingdao,asia,CN,2026-08-07 00:00:00,1225.3,0.3,41.7,19.0,22.8,804.5,997.1,29.1,25.5,26.9
54857,Qingdao,asia,CN,2026-08-07 12:00:00,1579.8,-2.9,46.1,21.7,24.5,840.7,996.3,30.9,23.8,28.2
54857,Qingdao,asia,CN,2026-08-08 00:00:00,1317.8,-0.5,44.9,19.7,25.2,827.8,999.1,28.4,24.0,24.0
54857,Qingdao,asia,CN,2026-08-08 12:00:00,1359.1,-0.5,43.1,20.4,22.7,735.1,998.0,30.5,20.7,27.0
54857,Qingdao,asia,CN,2026-08-09 00:00:00,1462.9,-1.8,46.6,21.3,25.3,814.4,998.8,25.7,21.6,20.5
54857,Qingdao,asia,CN,2026-08-09 12:00:00,1174.1,1.0,41.6,19.7,21.9,922.3,999.0,28.2,25.4,23.9
54857,Qingdao,asia,CN,2026-08-10 00:00:00,576.7,-2.5,46.4,22.8,23.7,892.0,999.4,27.9,24.5,22.5
54857,Qingdao,asia,CN,2026-08-10 12:00:00,649.2,0.0,41.1,20.2,20.9,941.8,998.5,27.9,25.5,25.3
54857,Qingdao,asia,CN,2026-08-11 00:00:00,525.0,-0.1,43.3,20.1,23.1,923.2,998.5,27.4,23.8,23.3
57083,Zhengzhou,asia,CN,2026-07-13 00:00:00,992.3,2.4,37.1,17.1,20.0,846.7,987.2,31.0,23.6,31.0
57083,Zhengzhou,asia,CN,2026-07-13 12:00:00,806.5,1.6,38.2,17.0,21.2,791.0,985.7,34.3,22.6,35.5
57083,Zhengzhou,asia,CN,2026-07-14 00:00:00,1055.1,7.6,32.3,10.2,22.1,801.3,988.8,31.3,22.6,32.1
57083,Zhengzhou,asia,CN,2026-07-14 12:00:00,1395.7,-1.6,42.1,19.6,22.5,777.1,986.3,34.5,24.4,35.6
57083,Zhengzhou,asia,CN,2026-07-15 00:00:00,630.2,-2.8,45.8,21.2,24.7,775.0,988.5,27.2,25.0,25.4
57083,Zhengzhou,asia,CN,2026-07-15 12:00:00,743.3,-2.5,43.0,21.3,21.8,865.1,988.4,30.2,25.0,29.9
57083,Zhengzhou,asia,CN,2026-07-16 00:00:00,623.2,-2.2,45.4,20.8,24.6,832.7,989.7,28.8,25.2,26.5
57083,Zhengzhou,asia,CN,2026-07-16 12:00:00,841.5,-2.4,44.2,21.1,23.2,815.1,987.4,30.0,24.4,28.9
57083,Zhengzhou,asia,CN,2026-07-17 00:00:00,212.2,-1.5,41.9,20.9,20.9,766.8,988.3,23.6,20.9,22.5
57083,Zhengzhou,asia,CN,2026-07-17 12:00:00,1033.4,4.9,33.0,15.8,17.2,697.4,989.5,25.3,20.5,25.5
57083,Zhengzhou,asia,CN,2026-07-18 00:00:00,1065.5,4.9,34.9,15.4,19.5,735.1,990.5,23.9,21.4,22.9
57083,Zhengzhou,asia,CN,2026-07-18 12:00:00,1266.1,-1.4,45.3,20.2,25.0,832.1,989.2,30.4,23.8,27.0
57083,Zhengzhou,asia,CN,2026-07-19 00:00:00,1097.8,0.5,45.0,18.6,26.4,824.4,990.3,26.8,23.0,21.1
57083,Zhengzhou,asia,CN,2026-07-19 12:00:00,1466.1,-3.7,48.8,22.7,26.1,819.9,988.3,31.6,23.7,26.6
57083,Zhengzhou,asia,CN,2026-07-20 00:00:00,1258.9,-0.4,45.0,19.6,25.4,843.4,989.7,27.5,23.5,22.8
57083,Zhengzhou,asia,CN,2026-07-20 12:00:00,1672.1,1.2,43.6,16.6,27.0,781.5,988.5,32.0,23.2,28.5
57083,Zhengzhou,asia,CN,2026-07-21 00:00:00,1591.1,-1.1,45.9,19.9,25.9,761.2,991.4,28.0,22.5,23.8
57083,Zhengzhou,asia,CN,2026-07-21 12:00:00,1403.5,-1.8,48.8,20.1,28.7,767.8,990.7,32.9,22.0,26.7
57083,Zhengzhou,asia,CN,2026-07-22 00:00:00,1195.1,-4.0,50.7,23.4,27.3,895.8,991.2,28.4,24.6,21.4
57083,Zhengzhou,asia,CN,2026-07-22 12:00:00,1580.0,-5.8,50.2,24.8,25.4,866.7,988.1,32.5,24.8,28.0
57083,Zhengzhou,asia,CN,2026-07-23 00:00:00,1401.1,-3.4,48.4,23.4,24.9,761.1,990.2,25.5,20.7,19.4
57083,Zhengzhou,asia,CN,2026-07-23 12:00:00,1231.6,-3.8,49.4,23.2,26.3,725.8,989.7,25.2,21.9,19.4
57083,Zhengzhou,asia,CN,2026-07-24 00:00:00,831.6,-4.7,51.6,24.6,27.0,781.9,992.4,24.6,22.5,16.9
57083,Zhengzhou,asia,CN,2026-07-24 12:00:00,1116.9,-6.7,53.1,26.4,26.7,878.0,992.1,30.4,23.0,23.0
57083,Zhengzhou,asia,CN,2026-07-25 00:00:00,754.6,-0.3,45.4,20.4,25.0,825.5,995.3,23.9,22.2,17.8
57083,Zhengzhou,asia,CN,2026-07-25 12:00:00,1508.1,-3.9,47.4,23.0,24.4,827.1,992.8,29.9,23.1,26.3
57083,Zhengzhou,asia,CN,2026-07-26 00:00:00,1495.1,-4.1,48.4,23.2,25.2,823.5,993.9,24.8,23.4,20.4
57083,Zhengzhou,asia,CN,2026-07-26 12:00:00,1209.8,-5.2,50.0,24.5,25.5,899.4,992.1,31.9,25.7,26.8
57083,Zhengzhou,asia,CN,2026-07-27 00:00:00,569.8,-1.3,46.4,20.9,25.6,787.7,995.5,26.2,22.9,20.5
57083,Zhengzhou,asia,CN,2026-07-27 12:00:00,565.3,-0.6,42.2,20.9,21.4,886.8,995.8,29.5,23.7,26.4
57083,Zhengzhou,asia,CN,2026-07-28 00:00:00,400.0,1.0,41.6,18.9,22.7,883.2,997.0,28.2,24.4,24.7
57083,Zhengzhou,asia,CN,2026-07-28 12:00:00,244.8,-1.7,43.3,21.6,21.7,911.8,996.3,25.3,23.9,22.5
57083,Zhengzhou,asia,CN,2026-07-29 00:00:00,268.5,-1.1,42.3,21.2,21.2,930.0,995.9,25.0,24.0,22.4
57083,Zhengzhou,asia,CN,2026-07-29 12:00:00,433.5,-1.5,43.8,20.9,23.0,925.7,992.3,27.2,25.0,24.6
57083,Zhengzhou,asia,CN,2026-07-30 00:00:00,416.7,-1.5,43.9,21.1,22.9,876.8,990.7,25.6,23.8,22.6
57083,Zhengzhou,asia,CN,2026-07-30 12:00:00,683.1,-1.6,43.4,20.6,22.9,906.4,991.5,30.9,26.2,29.2
57083,Zhengzhou,asia,CN,2026-07-31 00:00:00,813.2,-3.0,47.2,21.8,25.4,850.2,991.7,28.1,25.1,24.4
57083,Zhengzhou,asia,CN,2026-07-31 12:00:00,860.1,-3.5,47.0,22.5,24.5,893.0,989.8,29.9,26.3,26.5
57083,Zhengzhou,asia,CN,2026-08-01 00:00:00,856.0,-2.5,46.2,21.2,25.0,838.9,990.3,28.9,24.9,25.9
57083,Zhengzhou,asia,CN,2026-08-01 12:00:00,946.6,-3.3,47.5,22.1,25.4,851.7,989.8,31.5,25.6,27.9
57083,Zhengzhou,asia,CN,2026-08-02 00:00:00,1531.6,-2.2,44.7,21.4,23.4,875.8,992.4,29.5,26.1,26.9
57083,Zhengzhou,asia,CN,2026-08-02 12:00:00,1191.6,-2.5,46.4,21.4,24.9,848.1,992.2,32.2,24.7,28.6
57083,Zhengzhou,asia,CN,2026-08-03 00:00:00,1127.4,-3.5,48.8,23.0,25.8,835.8,995.0,28.8,22.5,23.1
57083,Zhengzhou,asia,CN,2026-08-03 12:00:00,1202.1,-2.3,46.8,21.2,25.6,788.3,995.0,31.4,20.3,27.5
57083,Zhengzhou,asia,CN,2026-08-04 00:00:00,965.0,-3.5,48.5,22.9,25.6,806.0,996.8,28.2,21.7,23.0
57083,Zhengzhou,asia,CN,2026-08-04 12:00:00,781.6,-0.3,45.7,18.8,26.9,794.4,994.5,31.1,23.4,26.4
57083,Zhengzhou,asia,CN,2026-08-05 00:00:00,1530.2,1.2,41.6,18.9,22.7,812.8,996.3,28.1,24.3,24.3
57083,Zhengzhou,asia,CN,2026-08-05 12:00:00,1189.4,-1.6,45.8,21.1,24.7,796.3,993.9,32.1,23.3,27.6
57083,Zhengzhou,asia,CN,2026-08-06 00:00:00,728.2,-3.1,47.7,22.8,24.9,849.4,995.6,28.2,23.8,22.9
57083,Zhengzhou,asia,CN,2026-08-06 12:00:00,1247.6,-0.6,44.2,19.7,24.4,864.2,993.6,31.3,24.9,27.8
57083,Zhengzhou,asia,CN,2026-08-07 00:00:00,825.3,0.8,42.1,18.7,23.4,851.8,994.4,28.6,23.7,25.3
57083,Zhengzhou,asia,CN,2026-08-07 12:00:00,1329.9,2.9,40.8,15.4,25.5,792.7,992.8,33.3,23.0,30.1
57083,Zhengzhou,asia,CN,2026-08-08 00:00:00,1307.7,-0.9,43.9,20.7,23.2,891.2,995.8,28.5,24.9,24.7
57083,Zhengzhou,asia,CN,2026-08-08 12:00:00,911.0,0.2,43.7,19.0,24.7,766.9,995.2,29.1,21.3,25.2
57083,Zhengzhou,asia,CN,2026-08-09 00:00:00,680.8,5.1,37.8,14.6,23.2,628.8,997.1,25.6,13.0,21.4
57083,Zhengzhou,asia,CN,2026-08-09 12:00:00,938.1,2.5,41.0,17.2,23.8,717.9,994.7,29.2,18.3,24.7
57083,Zhengzhou,asia,CN,2026-08-10 00:00:00,961.5,-1.6,45.0,22.0,23.0,682.7,995.4,25.9,17.2,20.9
57083,Zhengzhou,asia,CN,2026-08-10 12:00:00,1069.7,0.7,41.4,19.6,21.8,796.6,991.9,30.1,19.1,26.6
57083,Zhengzhou,asia,CN,2026-08-11 00:00:00,130.2,1.2,38.9,19.5,19.5,904.7,991.2,24.3,22.6,22.3
58238,Nanjing,asia,CN,2026-07-13 00:00:00,221.6,-1.1,41.0,20.5,20.5,938.5,992.3,26.0,26.0,25.6
58238,Nanjing,asia,CN,2026-07-13 12:00:00,249.4,0.0,40.0,19.5,20.5,925.4,996.4,26.7,26.7,26.1
58238,Nanjing,asia,CN,2026-07-14 00:00:00,416.6,-1.1,41.5,20.0,21.5,866.6,999.2,26.3,26.3,26.1
58238,Nanjing,asia,CN,2026-07-14 12:00:00,839.3,2.3,38.8,15.6,23.2,826.0,998.0,33.3,26.8,34.2
58238,Nanjing,asia,CN,2026-07-15 00:00:00,1166.3,0.4,40.8,18.2,22.6,879.9,999.2,31.1,29.3,30.7
58238,Nanjing,asia,CN,2026-07-15 12:00:00,1284.9,-0.5,42.5,19.3,23.2,832.1,999.0,33.0,24.7,31.7
58238,Nanjing,asia,CN,2026-07-16 00:00:00,1415.2,0.2,40.6,18.9,21.8,768.7,999.0,30.4,26.3,29.6
58238,Nanjing,asia,CN,2026-07-16 12:00:00,1465.9,-1.4,43.8,19.8,24.0,779.1,997.5,32.7,25.5,31.4
58238,Nanjing,asia,CN,2026-07-17 00:00:00,1503.3,1.0,39.1,17.8,21.2,843.0,997.1,30.8,26.5,31.3
58238,Nanjing,asia,CN,2026-07-17 12:00:00,1747.4,1.0,39.1,17.5,21.7,812.2,995.3,33.3,25.8,34.2
58238,Nanjing,asia,CN,2026-07-18 00:00:00,599.0,-1.8,44.3,20.6,23.6,872.6,996.9,28.3,28.3,26.4
58238,Nanjing,asia,CN,2026-07-18 12:00:00,1228.3,-3.0,44.3,22.1,22.1,905.7,998.2,28.9,25.7,27.2
58238,Nanjing,asia,CN,2026-07-19 00:00:00,669.1,-1.5,44.3,21.0,23.4,852.7,999.1,27.1,27.1,23.8
58238,Nanjing,asia,CN,2026-07-19 12:00:00,424.0,-1.5,44.4,20.8,23.6,858.6,998.9,25.6,25.6,22.4
58238,Nanjing,asia,CN,2026-07-20 00:00:00,410.2,0.5,40.8,18.9,21.9,888.9,998.5,26.7,26.7,25.1
58238,Nanjing,asia,CN,2026-07-20 12:00:00,312.4,0.7,39.6,19.3,20.2,944.7,999.5,24.9,24.9,23.4
58238,Nanjing,asia,CN,2026-07-21 00:00:00,815.3,7.5,33.8,11.3,22.5,799.3,1002.7,25.6,25.4,23.0
58238,Nanjing,asia,CN,2026-07-21 12:00:00,436.2,3.2,39.9,15.3,24.6,810.5,1001.1,29.4,24.3,26.2
58238,Nanjing,asia,CN,2026-07-22 00:00:00,325.9,-0.7,42.2,20.7,21.4,902.1,1001.9,27.2,27.2,24.2
58238,Nanjing,asia,CN,2026-07-22 12:00:00,745.0,-0.8,43.9,20.0,23.9,852.8,1000.8,29.4,25.4,26.1
58238,Nanjing,asia,CN,2026-07-23 00:00:00,1162.9,-0.8,43.5,20.3,23.2,868.5,1000.9,28.8,27.9,25.8
58238,Nanjing,asia,CN,2026-07-23 12:00:00,572.7,-5.5,50.1,24.7,25.4,874.8,1001.8,26.5,26.5,21.9
58238,Nanjing,asia,CN,2026-07-24 00:00:00,869.6,-3.7,48.7,23.0,25.7,874.9,1002.1,27.2,27.2,22.0
58238,Nanjing,asia,CN,2026-07-24 12:00:00,1253.0,-4.1,50.4,22.6,27.8,754.0,1003.1,25.2,24.3,20.1
58238,Nanjing,asia,CN,2026-07-25 00:00:00,1264.0,-1.9,47.7,20.4,27.3,818.8,1003.7,28.8,27.2,23.5
58238,Nanjing,asia,CN,2026-07-25 12:00:00,1570.8,-4.3,50.5,22.7,27.8,829.7,1001.8,33.5,25.2,28.7
58238,Nanjing,asia,CN,2026-07-26 00:00:00,1715.2,-3.2,48.7,22.0,26.6,834.1,1002.3,30.3,28.3,24.9
58238,Nanjing,asia,CN,2026-07-26 12:00:00,1499.9,-7.5,55.3,26.1,29.3,832.9,1003.0,29.3,24.2,22.4
58238,Nanjing,asia,CN,2026-07-27 00:00:00,1489.0,-4.6,51.3,23.4,27.9,889.5,1004.1,29.3,29.1,23.0
58238,Nanjing,asia,CN,2026-07-27 12:00:00,1557.2,-4.2,50.6,23.4,27.2,855.0,1004.1,31.5,25.6,25.1
58238,Nanjing,asia,CN,2026-07-28 00:00:00,1257.0,-2.6,49.7,21.3,28.4,807.2,1006.7,29.1,26.9,22.3
58238,Nanjing,asia,CN,2026-07-28 12:00:00,1108.1,-0.0,44.2,18.8,25.4,844.6,1006.2,31.3,26.5,27.3
58238,Nanjing,asia,CN,2026-07-29 00:00:00,1018.6,-0.9,45.3,20.0,25.3,858.3,1006.9,29.4,28.7,24.5
58238,Nanjing,asia,CN,2026-07-29 12:00:00,821.5,-0.3,46.0,18.5,27.5,811.3,1004.9,32.3,24.3,27.6
58238,Nanjing,asia,CN,2026-07-30 00:00:00,1193.1,-0.9,46.3,19.6,26.8,809.8,1006.3,30.9,24.5,25.2
58238,Nanjing,asia,CN,2026-07-30 12:00:00,1323.2,0.4,44.0,18.0,26.0,824.3,1003.9,33.6,23.2,30.0
58238,Nanjing,asia,CN,2026-07-31 00:00:00,1265.6,0.3,44.9,18.4,26.5,838.6,1005.3,30.6,25.4,25.3
58238,Nanjing,asia,CN,2026-07-31 12:00:00,1289.1,-1.3,44.9,20.3,24.6,824.1,1001.9,33.8,22.8,30.6
58238,Nanjing,asia,CN,2026-08-01 00:00:00,1347.7,0.3,43.0,19.0,23.9,864.3,1003.3,30.9,28.1,27.1
58238,Nanjing,asia,CN,2026-08-01 12:00:00,1429.0,1.3,43.8,16.7,27.1,803.5,1001.5,34.2,23.2,30.1
58238,Nanjing,asia,CN,2026-08-02 00:00:00,1117.5,1.1,44.7,17.1,27.6,809.9,1004.3,32.3,25.9,25.9
58238,Nanjing,asia,CN,2026-08-02 12:00:00,1209.9,-6.3,52.5,25.1,27.5,841.6,1002.8,32.1,22.7,26.3
58238,Nanjing,asia,CN,2026-08-03 00:00:00,978.0,-1.8,47.7,20.4,27.3,849.7,1005.5,30.9,25.5,24.9
58238,Nanjing,asia,CN,2026-08-03 12:00:00,1509.5,-3.8,48.8,22.6,26.2,796.8,1003.9,34.3,23.6,30.0
58238,Nanjing,asia,CN,2026-08-04 00:00:00,1416.2,8.3,34.3,6.2,28.1,808.0,1005.2,28.6,26.8,23.0
58238,Nanjing,asia,CN,2026-08-04 12:00:00,1534.2,-3.9,46.7,23.2,23.5,875.3,1003.1,32.8,24.0,29.6
58238,Nanjing,asia,CN,2026-08-05 00:00:00,852.1,-2.6,48.0,21.8,26.2,948.1,1004.1,29.3,28.8,23.3
58238,Nanjing,asia,CN,2026-08-05 12:00:00,879.5,-1.9,45.9,20.9,25.0,886.4,1002.2,30.4,26.5,26.4
58238,Nanjing,asia,CN,2026-08-06 00:00:00,993.2,1.6,40.1,18.1,22.0,895.9,1002.9,28.3,26.3,25.3
58238,Nanjing,asia,CN,2026-08-06 12:00:00,1481.4,-0.8,43.4,19.6,23.8,796.4,999.8,31.9,23.9,29.9
58238,Nanjing,asia,CN,2026-08-07 00:00:00,1319.9,2.2,40.6,17.1,23.6,947.1,1000.2,29.1,27.9,25.8
58238,Nanjing,asia,CN,2026-08-07 12:00:00,1314.5,0.9,41.7,18.2,23.5,896.9,998.4,30.0,26.6,27.5
58238,Nanjing,asia,CN,2026-08-08 00:00:00,793.8,0.8,42.1,18.4,23.7,885.4,1000.4,29.1,27.3,25.1
58238,Nanjing,asia,CN,2026-08-08 12:00:00,1018.8,-1.7,44.5,21.1,23.4,885.4,998.2,27.4,26.3,24.3
58238,Nanjing,asia,CN,2026-08-09 00:00:00,738.6,0.4,42.3,19.2,23.0,931.2,997.7,28.7,26.7,25.6
58238,Nanjing,asia,CN,2026-08-09 12:00:00,409.8,0.2,40.2,20.1,20.1,916.9,997.0,27.1,25.7,25.1
58238,Nanjing,asia,CN,2026-08-10 00:00:00,244.9,-0.2,40.0,20.0,20.0,948.2,993.2,26.3,26.3,25.4
58238,Nanjing,asia,CN,2026-08-10 12:00:00,205.6,0.5,38.7,19.4,19.4,941.0,992.2,25.9,25.9,25.4
58238,Nanjing,asia,CN,2026-08-11 00:00:00,244.5,0.2,39.6,19.8,19.8,953.2,993.7,26.3,26.3,25.2
47401,Japan-47401,asia,JP,2026-07-13 00:00:00,700.9,4.3,37.1,17.0,20.1,902.3,1005.0,22.2,21.0,17.5
47401,Japan-47401,asia,JP,2026-07-13 12:00:00,631.5,4.0,38.8,16.9,21.9,833.6,1005.0,21.4,20.2,15.9
47401,Japan-47401,asia,JP,2026-07-14 00:00:00,976.9,-0.4,44.0,21.5,22.5,931.0,1003.0,22.8,21.3,16.7
47401,Japan-47401,asia,JP,2026-07-14 12:00:00,1031.4,4.6,37.2,15.1,22.1,827.5,1002.0,22.6,21.6,19.7
47401,Japan-47401,asia,JP,2026-07-15 00:00:00,284.8,0.6,41.0,20.3,20.7,939.6,1000.0,25.0,23.1,21.3
47401,Japan-47401,asia,JP,2026-07-15 12:00:00,1144.8,0.4,42.2,19.3,22.9,839.8,995.0,26.2,22.7,22.9
47401,Japan-47401,asia,JP,2026-07-16 00:00:00,959.9,4.5,36.9,16.8,20.1,792.0,993.0,24.2,21.9,20.3
47401,Japan-47401,asia,JP,2026-07-16 12:00:00,1096.6,3.7,42.2,16.1,26.1,807.2,1001.0,22.2,20.5,14.1
47401,Japan-47401,asia,JP,2026-07-17 00:00:00,1064.7,1.0,43.2,20.1,23.1,862.7,1004.0,26.0,21.2,18.7
47401,Japan-47401,asia,JP,2026-07-17 12:00:00,1217.0,-0.6,45.2,21.5,23.7,783.8,1007.0,22.8,20.2,15.9
47401,Japan-47401,asia,JP,2026-07-18 00:00:00,1202.4,-3.0,49.5,24.0,25.5,899.8,1008.0,23.8,20.7,13.7
47401,Japan-47401,asia,JP,2026-07-18 12:00:00,338.1,3.4,41.0,17.5,23.5,860.5,1009.0,22.4,21.4,15.3
47401,Japan-47401,asia,JP,2026-07-19 00:00:00,483.7,1.8,40.2,20.1,20.1,881.4,1004.0,22.0,20.6,16.5
47401,Japan-47401,asia,JP,2026-07-19 12:00:00,617.1,2.9,36.5,18.2,18.3,904.5,1004.0,20.8,20.1,18.7
47401,Japan-47401,asia,JP,2026-07-20 00:00:00,906.0,6.4,36.6,13.3,23.3,794.3,1006.0,22.2,19.9,15.9
47401,Japan-47401,asia,JP,2026-07-20 12:00:00,526.9,-0.3,46.4,20.7,25.7,795.6,1006.0,21.6,20.1,13.9
47401,Japan-47401,asia,JP,2026-07-21 00:00:00,1083.2,2.5,42.2,18.1,24.1,827.4,1005.0,23.4,20.9,15.5
47401,Japan-47401,asia,JP,2026-07-21 12:00:00,889.8,5.9,36.6,15.3,21.3,855.5,1007.0,21.8,20.8,16.3
47401,Japan-47401,asia,JP,2026-07-22 00:00:00,747.0,8.6,33.8,11.9,21.9,810.6,1006.0,23.0,18.8,15.9
47401,Japan-47401,asia,JP,2026-07-22 12:00:00,793.2,4.2,39.6,17.3,22.3,825.7,1007.0,21.0,19.5,14.3
47401,Japan-47401,asia,JP,2026-07-23 00:00:00,673.4,4.1,40.1,17.6,22.5,815.8,1010.0,19.6,17.6,10.7
47401,Japan-47401,asia,JP,2026-07-23 12:00:00,601.7,2.7,41.5,19.6,21.9,752.2,1013.0,17.4,15.0,8.3
47401,Japan-47401,asia,JP,2026-07-24 00:00:00,554.5,14.9,23.6,2.3,21.3,732.9,1015.0,17.2,13.1,7.7
47401,Japan-47401,asia,JP,2026-07-24 12:00:00,589.9,13.5,27.0,6.5,20.5,713.8,1016.0,16.6,13.5,6.7
47401,Japan-47401,asia,JP,2026-07-25 00:00:00,433.2,9.4,34.6,13.3,21.3,658.7,1016.0,16.8,13.2,4.1
47401,Japan-47401,asia,JP,2026-07-25 12:00:00,577.3,11.0,31.4,11.7,19.7,647.4,1016.0,15.4,11.8,5.7
47401,Japan-47401,asia,JP,2026-07-26 00:00:00,565.3,14.3,26.0,5.5,20.5,672.0,1015.0,17.2,12.2,4.9
47401,Japan-47401,asia,JP,2026-07-26 12:00:00,636.6,17.0,10.6,-12.7,23.3,685.9,1015.0,15.2,12.3,4.1
47401,Japan-47401,asia,JP,2026-07-27 00:00:00,605.2,18.3,12.2,-8.9,21.1,729.3,1016.0,18.0,13.7,5.7
47401,Japan-47401,asia,JP,2026-07-27 12:00:00,736.9,13.9,26.2,5.1,21.1,597.0,1015.0,17.2,12.5,8.3
47401,Japan-47401,asia,JP,2026-07-28 00:00:00,688.5,14.6,24.2,2.1,22.1,751.7,1014.0,20.6,16.8,9.1
47401,Japan-47401,asia,JP,2026-07-28 12:00:00,542.2,4.6,38.4,18.5,19.9,668.1,1010.0,20.0,13.0,12.9
47401,Japan-47401,asia,JP,2026-07-29 00:00:00,804.6,2.6,42.4,20.7,21.7,888.2,1005.0,23.2,17.2,13.1
47401,Japan-47401,asia,JP,2026-07-29 12:00:00,198.0,0.9,43.6,21.7,21.9,917.1,1004.0,19.4,18.6,11.1
47401,Japan-47401,asia,JP,2026-07-30 00:00:00,393.7,1.8,42.5,21.2,21.3,954.3,1003.0,19.4,19.1,11.1
47401,Japan-47401,asia,JP,2026-07-30 12:00:00,306.0,1.1,44.9,21.6,23.3,828.4,1005.0,17.8,16.1,7.7
47401,Japan-47401,asia,JP,2026-07-31 00:00:00,430.3,3.7,42.3,19.2,23.1,844.1,1005.0,18.2,16.0,6.7
47401,Japan-47401,asia,JP,2026-07-31 12:00:00,479.7,13.0,27.6,5.3,22.3,804.0,1006.0,17.4,15.2,8.5
47401,Japan-47401,asia,JP,2026-08-01 00:00:00,752.0,3.7,41.5,19.2,22.3,809.7,1006.0,18.4,15.5,7.7
47401,Japan-47401,asia,JP,2026-08-01 12:00:00,761.5,2.1,44.0,20.5,23.5,827.7,1008.0,17.6,15.9,6.7
47401,Japan-47401,asia,JP,2026-08-02 00:00:00,463.5,9.0,35.4,11.7,23.7,778.2,1012.0,19.2,15.5,6.1
47401,Japan-47401,asia,JP,2026-08-02 12:00:00,913.9,11.6,29.8,6.9,22.9,647.7,1014.0,19.6,15.3,11.9
47401,Japan-47401,asia,JP,2026-08-03 00:00:00,857.1,8.5,34.0,12.5,21.5,842.7,1016.0,23.8,19.5,14.9
47401,Japan-47401,asia,JP,2026-08-03 12:00:00,850.4,9.0,32.2,12.1,20.1,705.7,1016.0,21.4,18.4,17.7
47401,Japan-47401,asia,JP,2026-08-04 00:00:00,563.2,10.2,30.6,9.3,21.3,648.5,1013.0,22.6,17.6,16.9
47401,Japan-47401,asia,JP,2026-08-04 12:00:00,933.3,8.7,32.2,11.1,21.1,656.0,1011.0,22.8,20.0,18.7
47401,Japan-47401,asia,JP,2026-08-05 00:00:00,1048.2,-1.6,43.1,21.4,21.7,665.3,1009.0,23.2,18.2,18.9
47401,Japan-47401,asia,JP,2026-08-05 12:00:00,808.6,-1.7,45.3,21.2,24.1,680.3,1010.0,22.8,20.2,17.9
47401,Japan-47401,asia,JP,2026-08-06 00:00:00,635.2,0.3,43.0,19.1,23.9,766.3,1008.0,23.4,19.8,18.3
47401,Japan-47401,asia,JP,2026-08-06 12:00:00,966.9,-1.0,42.9,20.6,22.3,791.7,1007.0,23.2,21.5,20.1
47401,Japan-47401,asia,JP,2026-08-07 00:00:00,775.3,-2.0,45.2,20.9,24.3,788.3,1004.0,23.8,21.1,20.1
47401,Japan-47401,asia,JP,2026-08-07 12:00:00,986.5,1.8,39.8,19.7,20.1,850.4,1005.0,20.4,19.1,15.3
47401,Japan-47401,asia,JP,2026-08-08 00:00:00,672.0,5.5,39.3,17.4,21.9,823.1,1010.0,20.2,15.4,9.1
47401,Japan-47401,asia,JP,2026-08-08 12:00:00,648.9,11.2,32.4,12.7,19.7,877.1,1013.0,19.2,14.2,7.9
47401,Japan-47401,asia,JP,2026-08-09 00:00:00,533.1,7.5,39.6,17.3,22.3,912.2,1014.0,21.6,15.6,4.1
47401,Japan-47401,asia,JP,2026-08-09 12:00:00,596.0,8.9,36.6,14.3,22.3,889.5,1016.0,18.2,14.9,4.5
47401,Japan-47401,asia,JP,2026-08-10 00:00:00,573.7,15.9,23.4,7.7,15.7,717.9,1016.0,19.8,14.8,9.7
47401,Japan-47401,asia,JP,2026-08-10 12:00:00,555.4,21.5,3.4,-15.3,18.7,657.6,1016.0,18.0,14.3,11.1
47401,Japan-47401,asia,JP,2026-08-11 00:00:00,779.0,11.1,29.4,9.7,19.7,620.5,1016.0,20.2,14.2,12.5
47678,Japan-47678,asia,JP,2026-07-13 00:00:00,698.1,0.8,46.0,16.5,29.5,808.2,992.0,26.2,25.9,20.7
47678,Japan-47678,asia,JP,2026-07-13 12:00:00,607.9,1.4,42.6,17.3,25.3,825.8,991.0,26.8,23.2,23.1
47678,Japan-47678,asia,JP,2026-07-14 00:00:00,804.1,-0.0,44.6,19.3,25.3,796.5,991.0,30.0,23.0,25.3
47678,Japan-47678,asia,JP,2026-07-14 12:00:00,833.9,1.4,41.8,17.9,23.9,784.7,991.0,25.2,24.1,21.7
47678,Japan-47678,asia,JP,2026-07-15 00:00:00,908.0,-0.8,42.8,20.5,22.3,886.5,990.0,27.4,24.9,24.7
47678,Japan-47678,asia,JP,2026-07-15 12:00:00,1001.9,2.1,40.4,16.7,23.7,855.5,988.0,25.8,25.5,23.7
47678,Japan-47678,asia,JP,2026-07-16 00:00:00,1368.0,7.8,33.4,9.7,23.7,834.1,986.0,26.8,25.9,25.5
47678,Japan-47678,asia,JP,2026-07-16 12:00:00,935.7,9.2,31.4,7.7,23.7,848.8,986.0,26.4,26.1,25.3
47678,Japan-47678,asia,JP,2026-07-17 00:00:00,1083.2,3.7,36.6,15.9,20.7,937.4,987.0,28.8,25.5,27.9
47678,Japan-47678,asia,JP,2026-07-17 12:00:00,963.8,4.2,36.0,15.5,20.5,930.2,989.0,25.6,23.7,24.7
47678,Japan-47678,asia,JP,2026-07-18 00:00:00,1155.2,7.2,32.8,12.9,19.9,926.9,989.0,27.4,23.6,25.9
47678,Japan-47678,asia,JP,2026-07-18 12:00:00,1012.3,4.5,36.0,15.5,20.5,874.1,991.0,24.2,22.9,22.7
47678,Japan-47678,asia,JP,2026-07-19 00:00:00,1050.8,2.9,37.0,17.7,19.3,931.0,992.0,26.0,23.2,24.3
47678,Japan-47678,asia,JP,2026-07-19 12:00:00,763.7,1.2,39.9,18.6,21.3,889.3,992.0,25.2,23.7,23.3
47678,Japan-47678,asia,JP,2026-07-20 00:00:00,517.0,3.6,37.0,16.9,20.1,920.8,993.0,27.6,24.9,25.5
47678,Japan-47678,asia,JP,2026-07-20 12:00:00,1128.9,1.1,40.7,18.4,22.3,882.9,993.0,26.0,24.7,23.9
47678,Japan-47678,asia,JP,2026-07-21 00:00:00,1003.6,0.7,40.8,18.9,21.9,927.9,994.0,29.0,25.9,26.9
47678,Japan-47678,asia,JP,2026-07-21 12:00:00,1224.4,3.8,38.4,14.7,23.7,814.2,993.0,27.4,25.8,25.7
47678,Japan-47678,asia,JP,2026-07-22 00:00:00,1242.0,0.7,41.7,18.6,23.1,932.6,994.0,29.4,26.1,26.9
47678,Japan-47678,asia,JP,2026-07-22 12:00:00,1501.7,5.6,36.2,12.1,24.1,815.3,992.0,27.2,25.3,26.3
47678,Japan-47678,asia,JP,2026-07-23 00:00:00,1327.0,1.3,42.2,17.1,25.1,936.3,992.0,28.8,26.8,26.3
47678,Japan-47678,asia,JP,2026-07-23 12:00:00,1065.9,2.7,40.2,16.1,24.1,784.7,993.0,28.0,27.3,25.3
47678,Japan-47678,asia,JP,2026-07-24 00:00:00,955.4,1.2,41.4,17.7,23.7,913.2,993.0,30.8,25.8,28.5
47678,Japan-47678,asia,JP,2026-07-24 12:00:00,1531.3,0.8,42.8,17.9,24.9,863.0,994.0,27.6,26.0,24.5
47678,Japan-47678,asia,JP,2026-07-25 00:00:00,1055.3,-3.4,46.0,22.9,23.1,944.7,993.0,28.2,27.0,24.9
47678,Japan-47678,asia,JP,2026-07-25 12:00:00,1415.8,0.1,45.0,18.5,26.5,846.0,992.0,26.2,25.0,21.7
47678,Japan-47678,asia,JP,2026-07-26 00:00:00,1273.4,-1.5,47.6,20.3,27.3,845.4,992.0,30.6,26.6,24.9
47678,Japan-47678,asia,JP,2026-07-26 12:00:00,1265.2,-5.8,52.3,25.0,27.3,883.2,992.0,28.2,27.3,21.7
47678,Japan-47678,asia,JP,2026-07-27 00:00:00,1327.8,-7.3,56.4,26.5,29.9,918.1,994.0,28.8,27.4,19.7
47678,Japan-47678,asia,JP,2026-07-27 12:00:00,803.4,-2.6,47.5,22.4,25.1,878.7,996.0,26.4,23.8,20.7
47678,Japan-47678,asia,JP,2026-07-28 00:00:00,807.3,-2.6,47.1,22.8,24.3,929.9,997.0,27.8,25.1,21.9
47678,Japan-47678,asia,JP,2026-07-28 12:00:00,1283.6,-2.0,48.6,21.3,27.3,861.7,994.0,27.8,25.1,21.1
47678,Japan-47678,asia,JP,2026-07-29 00:00:00,596.3,0.1,45.2,19.1,26.1,778.8,991.0,22.8,22.2,17.3
47678,Japan-47678,asia,JP,2026-07-29 12:00:00,1226.5,-0.7,43.5,21.0,22.5,928.7,990.0,27.6,25.8,23.3
47678,Japan-47678,asia,JP,2026-07-30 00:00:00,853.8,-2.8,50.6,21.3,29.3,822.8,990.0,29.8,25.6,22.7
47678,Japan-47678,asia,JP,2026-07-30 12:00:00,1211.0,1.4,45.2,16.1,29.1,846.9,989.0,27.8,26.9,21.9
47678,Japan-47678,asia,JP,2026-07-31 00:00:00,1419.8,-2.1,48.4,20.7,27.7,818.4,989.0,29.4,27.6,23.7
47678,Japan-47678,asia,JP,2026-07-31 12:00:00,1224.3,6.2,36.8,10.9,25.9,849.3,989.0,27.8,26.9,24.9
47678,Japan-47678,asia,JP,2026-08-01 00:00:00,956.8,2.1,41.6,16.3,25.3,841.5,988.0,29.2,26.5,26.1
47678,Japan-47678,asia,JP,2026-08-01 12:00:00,1284.7,1.7,40.6,17.3,23.3,858.9,988.0,27.2,26.0,25.1
47678,Japan-47678,asia,JP,2026-08-02 00:00:00,1185.5,1.8,42.2,16.1,26.1,818.8,988.0,30.4,26.4,27.7
47678,Japan-47678,asia,JP,2026-08-02 12:00:00,1053.4,1.0,41.6,17.3,24.3,841.3,989.0,27.8,26.6,26.5
47678,Japan-47678,asia,JP,2026-08-03 00:00:00,877.9,-1.7,44.0,20.9,23.1,945.4,992.0,26.8,26.4,24.5
47678,Japan-47678,asia,JP,2026-08-03 12:00:00,869.0,5.7,31.9,15.3,16.6,942.9,993.0,26.0,24.7,26.2
47678,Japan-47678,asia,JP,2026-08-04 00:00:00,1184.6,8.7,31.8,9.9,21.9,922.4,993.0,25.8,24.8,24.1
47678,Japan-47678,asia,JP,2026-08-04 12:00:00,770.0,2.0,36.6,18.2,18.4,947.4,992.0,25.4,25.1,25.4
47678,Japan-47678,asia,JP,2026-08-05 00:00:00,1402.8,4.4,36.0,16.3,19.7,948.9,991.0,26.2,25.5,23.9
47678,Japan-47678,asia,JP,2026-08-05 12:00:00,1175.5,-0.1,42.0,19.7,22.3,952.7,991.0,26.6,26.3,24.1
47678,Japan-47678,asia,JP,2026-08-06 00:00:00,1179.4,-0.0,42.4,20.1,22.3,959.5,992.0,28.0,27.6,24.5
47678,Japan-47678,asia,JP,2026-08-06 12:00:00,844.1,3.3,38.5,17.0,21.5,948.5,993.0,26.0,25.7,22.7
47678,Japan-47678,asia,JP,2026-08-07 00:00:00,521.6,-1.0,43.6,21.5,22.1,942.5,993.0,27.6,25.1,23.3
47678,Japan-47678,asia,JP,2026-08-07 12:00:00,1122.0,3.0,39.2,17.1,22.1,936.8,992.0,25.4,25.1,21.9
47678,Japan-47678,asia,JP,2026-08-08 00:00:00,995.9,3.9,37.2,16.5,20.7,942.4,992.0,28.0,26.4,25.3
47678,Japan-47678,asia,JP,2026-08-08 12:00:00,956.0,9.9,30.0,9.5,20.5,893.3,991.0,24.6,24.3,22.5
47678,Japan-47678,asia,JP,2026-08-09 00:00:00,1021.2,14.0,24.0,2.5,21.5,935.0,990.0,27.2,24.9,24.3
47678,Japan-47678,asia,JP,2026-08-09 12:00:00,1132.2,6.3,35.8,12.9,22.9,850.5,990.0,24.6,24.0,21.3
47678,Japan-47678,asia,JP,2026-08-10 00:00:00,644.9,1.8,41.0,18.5,22.5,892.1,989.0,27.2,24.9,23.1
47678,Japan-47678,asia,JP,2026-08-10 12:00:00,1017.8,7.3,34.4,12.7,21.7,934.9,988.0,25.2,23.7,21.5
47678,Japan-47678,asia,JP,2026-08-11 00:00:00,923.8,0.8,42.9,20.4,22.5,886.6,986.0,24.2,22.7,18.1
